creator,nationality,affiliation,codes,videoLink,hashtag1,hashtag2,hashtag3,hashtag4,hashtag5,hashtag6,hashtag7,hashtag8,hashtag9,hashtag10
adampaultaylor,German,Web Developer,Pandemic ➡️ Changed Lifestyle ➡️ Traveling inspiration ➡️ Digital Nomad,https://www.tiktok.com/@adampaultaylor/video/7236464922887048475,nomadlife,salescareer,travelhack,,,,,,,
celinabhandari,American,Vlogger,Travel inspiration➡️Exploring Opportunities➡️9-5 Career ➡️Career change➡️Freelancer,https://www.tiktok.com/@celinabhandari/video/7192705549639748906,traveltiktok,digitalnomad,fulltimetravel,remotejobs,,,,,,
christabellatravels,American,Digital Nomad Consultant,Accident ➡️ Travel inspiration➡️ Career Change➡️ New Skills Aquisition ➡️ Own Business,https://www.tiktok.com/@christabellatravels/video/7187585090816544046,digitalnomadism,digitalnomad,workremote,workandtravel,nomad,howtogetstartedasadigitalnomad,,,,
christinadavisnomad,British,Freelancer,Burn Out ➡️ Travel Inspiration ➡️ Career Change ➡️ Freelancer,https://www.tiktok.com/@christinadavisnomad/video/7280552706962410795,digitalnomadstory,digitalnomadlifestyle,becomeadigitalnomad,aspiringdigitalnomad,howibecameadigitalnomad,,,,,
claudiaacchurch,British,Freelanser,Graduate ➡️ Language Teacher Online ➡️ Career Change➡️ Freelancer,https://www.tiktok.com/@claudiaacchurch/video/7142195170103135494,travel,digitalnomad,onlinework,englishtutor,teflcertificate,remotework,linkedin,programming,digitalnomadtips,centralamerica
daisystraveldiaries,British,Language teacher,Travel inspiration ➡️ Career change  ➡️ Language teacher  ➡️ Freelancer,https://www.tiktok.com/@daisystraveldiaries/video/7207851524586786054,solotravel,travel,digitalnomad,puertoescondido,,,,,,
digitalnomadtips,British,Digital marketer,9-5 Career ➡️Travel inspiration ➡️ Exploring Opportunities ➡️ Digital Nomad,https://www.tiktok.com/@digitalnomadtips/video/7130171062364425477,digitalnomad,onlinebusiness,digitalnomadlife,digitalnomadtips,nomadlife,travel,,,,
edwardangeloc,Philipinian,Freelancer,Unfinished Grade ➡️ Corporate Job ➡️Travel inspiration➡️ Career change➡️ Minimalist,https://www.tiktok.com/@edwardangeloc/video/7144413725724921114,digitalnomad,onlinefreelancer,digitalnomadphilippines,solotravel,solotravelphilippines,,,,,
essenceofboho,German,Freelance writer,Travel Inspiration ➡️ Career Change ➡️ Freelancer ➡️ Minimalist,https://www.tiktok.com/@essenceofboho/video/7187092385388596486,digitalnomad,workremote,freelancing,travelgirl,traveltiktok,workandtravel,freelancetips,makemoneyonline,buildyourdreamlife,
freetobe_dee,Australian,Freelancer,Travel Inspiration➡️ Chef ➡️Recruitment consultant➡️Digital nomad,https://www.tiktok.com/@freetobe_dee/video/7295071918842055943,digitalnomad,digitalnomadlife,,,,,,,,
jenonajetplane,American,Travel blogger,Travel inspiration➡️Career Change➡️ Exploring Opportunities ➡️Writer,https://www.tiktok.com/@jenonajetplane/video/6904255350585691397,careerchange,selfimprovement,workonyourself,digitalentrepreneur,fempreneur,,,,,
maciereedmarketing,British,Digital marketer,Unwanted Job ➡️ Feeling Stuck ➡️  Career Change ➡️ Digital Nomad,https://www.tiktok.com/@maciereedmarketing/video/7290678850135149866,digitalmarketing,digitalmarketingtips,remotedigitalmarketing,vanlifejobs,vanlife,digitalnomad,nomadiccareers,remotecareer,,
saraaawatson,Canadian,Freelancer & blogger,Burn Out ➡️ Career Change ➡️ Exploring Opportunities ➡️ Freelance Consultant,https://www.tiktok.com/@saraaawatson/video/7193994815489477889,freelancewithsara,careerchange,howtomakeacareerchange,careertips,careertok,smallbusinesstok,,,,
sasha.finch,American/Russian,Graphic Designer,Traditional Career ➡️ Travel Inspiration ➡️ Exploring Opportunities ➡️ Freelancer,https://www.tiktok.com/@sasha.finch/video/7263437132818156802,digitalnomadlife,workingabroad,expatsinthenetherlands,travelnonstop,,,,,,
suitelifeoflauren,American,Social Media Manager,Graduate ➡️ News Reporter ➡️ Travel Inspiration ➡️Digital Nomad,https://www.tiktok.com/@suitelifeoflauren/video/7226729216698567978,solofemaletraveler,digitalnomad,digitalnomadgirl,backpackingeurope,fulltimetravel,fulltimetraveler,travelingfulltime,travelinyour20s,CapCut,
theremotejob.co,Mexican,Freelancer & blogger,Burn-Out➡️ Travel Inspiration➡️ Career Change➡️ Exploring Opportunities ➡️ Freelance Consultant,https://www.tiktok.com/@theremotejob.co/video/7184893982286073093,digitalnomadlife,travelandwork,workfromanywhere,remotejobsearch,,,,,,
whereintheworldisnina,American,Travel blogger,Travel Inspiration➡️ Exploring Opportunities ➡️ Career Change ➡️ Travel consultant,https://www.tiktok.com/@whereintheworldisnina/video/7300642233127095595,traveltiktok,travellifestyle,travellife,livingabroad,lifeabroad,livingabroadlife,nomadicliving,nomadlife,,
adrian.sacol,Philipinian,Freelanser,Corporate Job ➡️ Travel Inspiration ➡️ Exploring Opportunities ➡️ Career Change,https://www.tiktok.com/@adrian.sacol/video/7290161095111658758,fyp,foryourpage,trending,digitalnomad,,,,,,
thespanishnerd,American,Spanish language teacher,Unfinished Education ➡️Travel Inspiration➡️New Skills Aquisition ➡️Own Business,https://www.tiktok.com/@thespanishnerd/video/7006810257456467205,travel,liveabroad,digitalnomad,,,,,,,
caraceleste,American,Vlogger,Travel Inspiration➡️Becoming a mom➡️Career change ➡️ Digital Nomad,https://www.tiktok.com/@caracelestewest/video/7191199442987486510,livingabroad,movingabroad,leavingtheusa,escapefromamerica,americanabroad,blackabroad,,,,